residue,resname,rmsf_A
1,ALA,0.4551
2,ALA,0.3616
3,ALA,2.5352
4,ALA,1.3193
5,ALA,2.5594
6,ALA,0.8099
7,ALA,0.3
8,ALA,1.4117
9,ALA,0.3
10,ALA,1.2719
11,ALA,0.4925
12,ALA,1.9331
13,ALA,1.3611
14,ALA,2.591
15,ALA,0.4506
16,ALA,0.8449
17,ALA,0.3
18,ALA,0.4195
19,ALA,0.8941
20,ALA,0.3
21,ALA,3.6362
22,ALA,3.6141
23,ALA,2.6378
24,ALA,0.9234
25,ALA,0.9737
26,ALA,0.3
27,ALA,0.7316
28,ALA,0.3
29,ALA,0.6908
30,ALA,0.3
31,ALA,1.4381
32,ALA,0.3
33,ALA,0.572
34,ALA,0.7757
35,ALA,4.8609
36,ALA,0.9144
37,ALA,1.1386
38,ALA,1.3727
39,ALA,5.2236
40,ALA,0.4725
41,ALA,0.7196
42,ALA,2.3744
43,ALA,0.3
44,ALA,0.3
45,ALA,0.3
46,ALA,0.3
47,ALA,0.6725
48,ALA,0.3659
49,ALA,2.1581
50,ALA,0.3
51,ALA,0.6232
52,ALA,0.3
53,ALA,0.7337
54,ALA,0.4959
55,ALA,1.0575
56,ALA,0.3
57,ALA,0.504
58,ALA,0.3117
59,ALA,2.1875
60,ALA,3.3722
61,ALA,0.6002
62,ALA,5.3792
63,ALA,4.4748
64,ALA,0.3
65,ALA,0.3866
66,ALA,0.5547
67,ALA,0.6896
68,ALA,0.3
69,ALA,0.8123
70,ALA,0.5466
71,ALA,1.2558
72,ALA,0.4732
73,ALA,4.2616
74,ALA,2.0695
75,ALA,0.3
76,ALA,1.3734
77,ALA,0.892
78,ALA,1.9601
79,ALA,0.3
80,ALA,2.5859
81,ALA,2.8496
82,ALA,1.2722
83,ALA,0.8978
84,ALA,1.4838
85,ALA,3.3896
86,ALA,1.3717
87,ALA,2.0447
88,ALA,0.3
89,ALA,0.9157
90,ALA,0.7787
91,ALA,0.49
92,ALA,2.0115
93,ALA,0.5547
94,ALA,0.903
95,ALA,0.3616
96,ALA,0.8052
97,ALA,1.3546
98,ALA,0.8711
99,ALA,1.604
100,ALA,3.2731
101,ALA,0.3
102,ALA,0.6835
103,ALA,1.373
104,ALA,0.3857
105,ALA,0.4182
106,ALA,0.6778
107,ALA,1.6359
108,ALA,3.3303
109,ALA,0.3
110,ALA,0.8575
111,ALA,0.7758
112,ALA,0.8395
113,ALA,0.3
114,ALA,0.3
115,ALA,1.867
116,ALA,0.3
117,ALA,2.4314
118,ALA,0.7618
119,ALA,0.515
120,ALA,0.3
121,ALA,0.7233
122,ALA,1.3048
123,ALA,1.7015
124,ALA,0.7002
125,ALA,0.4637
126,ALA,2.3633
127,ALA,3.084
128,ALA,1.7815
129,ALA,0.3
130,ALA,0.3956
131,ALA,1.6432
132,ALA,0.5436
133,ALA,3.0502
134,ALA,0.5453
135,ALA,0.3423
136,ALA,0.7712
137,ALA,0.474
138,ALA,0.8052
139,ALA,1.8648
140,ALA,0.3
141,ALA,0.673
142,ALA,5.2535
143,ALA,0.8463
144,ALA,3.3891
145,ALA,3.6086
146,ALA,2.378
147,ALA,0.5827
148,ALA,0.8396
149,ALA,2.2346
150,ALA,1.6303
151,ALA,0.5755
152,ALA,2.8798
153,ALA,0.7809
154,ALA,1.517
155,ALA,1.5256
156,ALA,2.8634
157,ALA,1.0365
158,ALA,0.3
159,ALA,1.4347
160,ALA,1.6756
161,ALA,2.2218
162,ALA,0.3
163,ALA,2.1987
164,ALA,2.3269
165,ALA,0.3
166,ALA,1.1545
167,ALA,0.4395
168,ALA,2.016
169,ALA,0.7171
170,ALA,4.768
171,ALA,4.2684
172,ALA,1.026
173,ALA,2.9272
174,ALA,1.988
175,ALA,1.2081
176,ALA,0.4636
177,ALA,1.5267
178,ALA,0.4728
179,ALA,1.2362
180,ALA,0.3
181,ALA,1.7569
182,ALA,0.3
183,ALA,1.2304
184,ALA,1.4729
185,ALA,1.3311
186,ALA,0.379
187,ALA,3.0299
188,ALA,1.7661
189,ALA,1.9067
190,ALA,1.0807
191,ALA,0.502
192,ALA,3.1505
193,ALA,2.1094
194,ALA,3.1483
195,ALA,1.247
196,ALA,0.3436
197,ALA,0.3
198,ALA,0.7575
199,ALA,0.3
200,ALA,3.7872
201,ALA,2.2856
202,ALA,5.8997
203,ALA,0.4201
204,ALA,0.7355
205,ALA,0.3928
206,ALA,0.3
207,ALA,1.5215
208,ALA,1.396
209,ALA,0.3
210,ALA,0.7553
211,ALA,2.4459
212,ALA,0.3
213,ALA,0.3
214,ALA,0.5849
215,ALA,0.7055
216,ALA,2.4681
217,ALA,1.002
218,ALA,3.0356
219,ALA,1.2359
220,ALA,2.5849
221,ALA,0.5716
222,ALA,0.9304
223,ALA,1.3733
224,ALA,0.6898
225,ALA,4.3846
226,ALA,0.3
227,ALA,0.382
228,ALA,2.0398
229,ALA,2.5648
230,ALA,1.2618
231,ALA,0.3915
232,ALA,0.3
233,ALA,1.0589
234,ALA,2.0208
235,ALA,0.5938
236,ALA,2.2714
237,ALA,0.6089
238,ALA,1.2523
239,ALA,4.6756
240,ALA,0.9578
241,ALA,0.3
242,ALA,0.3
243,ALA,0.3382
244,ALA,0.7132
245,ALA,1.9477
246,ALA,0.7682
247,ALA,1.4343
248,ALA,1.4867
249,ALA,0.3107
250,ALA,0.3802
251,ALA,0.3
252,ALA,0.375
253,ALA,0.6579
254,ALA,3.3201
255,ALA,0.5387
256,ALA,1.0365
257,ALA,1.2932
258,ALA,0.6643
259,ALA,1.8411
260,ALA,0.6666
261,ALA,0.3
262,ALA,1.008
263,ALA,0.4091
264,ALA,3.0343
265,ALA,1.1706
266,ALA,0.4529
267,ALA,2.5841
268,ALA,0.9319
269,ALA,0.7747
270,ALA,2.4349
271,ALA,1.0908
272,ALA,0.3
273,ALA,0.3
274,ALA,0.3
275,ALA,0.3373
276,ALA,1.4686
277,ALA,6.0
278,ALA,0.3
279,ALA,3.3107
280,ALA,0.4184
281,ALA,0.7261
282,ALA,0.7376
283,ALA,0.3
284,ALA,2.1315
285,ALA,1.6537
286,ALA,1.2343
287,ALA,1.6859
288,ALA,0.5663
289,ALA,1.7997
290,ALA,3.1853
291,ALA,6.0
292,ALA,2.1741
293,ALA,1.6761
294,ALA,0.4382
295,ALA,0.303
296,ALA,0.3
297,ALA,1.5806
298,ALA,0.3
299,ALA,1.4694
300,ALA,3.5873
301,ALA,0.7504
302,ALA,0.9384
303,ALA,0.8132
304,ALA,0.3324
305,ALA,4.1804
306,ALA,0.3
307,ALA,2.239
308,ALA,0.3
309,ALA,2.6086
310,ALA,2.8619
311,ALA,0.3
312,ALA,2.2432
313,ALA,1.0343
314,ALA,0.6642
315,ALA,0.3
316,ALA,0.4233
317,ALA,3.1558
318,ALA,0.8346
319,ALA,4.6822
320,ALA,1.3553
321,ALA,1.5815
322,ALA,0.4518
323,ALA,0.9627
324,ALA,2.0974
325,ALA,3.8693
326,ALA,1.8508
327,ALA,1.2844
328,ALA,2.664
329,ALA,0.9719
330,ALA,0.3
331,ALA,0.3
332,ALA,3.0217
333,ALA,0.3
334,ALA,0.84
335,ALA,1.1545
336,ALA,0.8591
337,ALA,0.3
338,ALA,0.3
339,ALA,5.1897
340,ALA,0.3
341,ALA,0.3
342,ALA,1.895
343,ALA,0.3
344,ALA,1.0424
345,ALA,0.3
346,ALA,1.2716
347,ALA,0.3915
348,ALA,1.0855
349,ALA,1.1398
350,ALA,0.7315
